{
  "$schema": "https://schema.management.azure.com/schemas/0.1.2-preview/CreateUIDefinition.MultiVm.json#",
  "handler": "Microsoft.Compute.MultiVm",
  "version": "0.1.2-preview",
  "parameters": {
    "basics": [
      {
        "name": "VMName",
        "type": "Microsoft.Common.TextBox",
        "label": "FortiManager instance name",
        "toolTip": "This will be used to name the FortiManager virtual appliances.",
        "defaultValue": "FortiManager",
        "constraints": {
          "required": true,
          "regex": "^[A-Za-z0-9]{1,15}$",
          "validationMessage": "Only alphanumeric characters are allowed, and the value must be 1 to 15 characters."
        }
      },
      {
        "name": "skuSelectorElement",
        "type": "Microsoft.Common.OptionsGroup",
        "label": "FortiManager Version",
        "toolTip": "Select Select which version of FortiManager you wish to deploy",
        "defaultValue": "FortiManager 5.6.2 (BYOL)",
        "constraints": {
          "allowedValues": [
            {
              "label": "FortiManager 5.6.2 (BYOL)",
              "value": {
                "SKU": "fortinet-fortimanager",
                "Version": "5.6.2"
              }
            },
            {
              "label": "FortiManager 5.4.4 (BYOL)",
              "value": {
                "SKU": "fortinet-fortimanager",
                "Version": "5.4.4"
              }
            }
          ]
        }
      },
      {
        "name": "adminUsername",
        "type": "Microsoft.Compute.UserNameTextBox",
        "label": "FortiManager administrative username",
        "toolTip": "Admin username for the FortiManager virtual appliance. Must not be 'admin' nor 'root'.",
        "osPlatform": "Linux",
        "constraints": {
          "required": true
        }
      },
      {
        "name": "passwordElement",
        "type": "Microsoft.Common.PasswordBox",
        "label": {
          "password": "FortiManager password",
          "confirmPassword": "Confirm password"
        },
        "toolTip": "Administrative account password for FortiManager",
        "constraints": {
          "required": true,
          "regex": "^(?:(?=.*[a-z])(?:(?=.*[A-Z])(?=.*[\\d\\W])|(?=.*\\W)(?=.*\\d))|(?=.*\\W)(?=.*[A-Z])(?=.*\\d)).{12,123}$",
          "validationMessage": "The password must be between 12 and 123 characters long, and contain characters from at least 3 of the following groups: uppercase characters, lowercase characters, numbers, and special characters."
        },
        "options": {
          "hideConfirmation": false
        }
      }
    ],
    "steps": [
      {
        "name": "NetworkInstanceConfig",
        "label": "Network and Instance Settings",
        "subLabel": {
          "preValidation": "Configure the network and instance options",
          "postValidation": "Done"
        },
        "bladeTitle": "Network and instance settings",
        "elements": [
          {
            "name": "virtualNetwork",
            "type": "Microsoft.Network.VirtualNetworkCombo",
            "label": {
              "virtualNetwork": "Virtual network",
              "subnets": "Subnet"
            },
            "toolTip": {
              "virtualNetwork": "Virtual network name",
              "subnets": "Subnet required for the FortiManager solution"
            },
            "defaultValue": {
              "name": "FortiManagerVNet",
              "addressPrefixSize": "/16"
            },
            "constraints": {
              "minAddressPrefixSize": "/28"
            },
            "subnets": {
              "subnet1": {
                "label": "Subnet",
                "defaultValue": {
                  "name": "Subnet",
                  "addressPrefixSize": "/24"
                },
                "constraints": {
                  "minAddressPrefixSize": "/29",
                  "minAddressCount": 1,
                  "requireContiguousAddresses": false
                }
              }
            }
          },
          {
            "name": "vmSize",
            "type": "Microsoft.Compute.SizeSelector",
            "label": "Virtual machine size",
            "toolTip": "The size of virtual machine to provision.",
            "recommendedSizes": [
              "Standard_F2s_v2",
              "Standard_F4s_v2"
            ],
            "constraints": {
              "allowedSizes": [
                "Standard_A4",
                "Standard_D2",
                "Standard_D3",
                "Standard_D4",
                "Standard_D1_v2",
                "Standard_D2_v2",
                "Standard_D3_v2",
                "Standard_D4_v2",
                "Standard_F1",
                "Standard_F2",
                "Standard_F4",
                "Standard_F8",
                "Standard_F1s",
                "Standard_F2s",
                "Standard_F4s",
                "Standard_F8s",
                "Standard_F16s",
                "Standard_F2s_v2",
                "Standard_F4s_v2",
                "Standard_F8s_v2",
                "Standard_F16s_v2"
              ]
            },
            "osPlatform": "Linux",
            "imageReference": {
              "publisher": "fortinet",
              "offer": "fortinet-fortimanager",
              "sku": "fortinet-fortimanager"
            },
            "count": "1"
          }
        ]
      },
      {
        "name": "IPConfig",
        "label": "FortiManager IP address assignments",
        "subLabel": {
          "preValidation": "Configure Public IP Address",
          "postValidation": "Done"
        },
        "bladeTitle": "IP assignment",
        "elements": [
          {
            "name": "publicIpAddress",
            "type": "Microsoft.Network.PublicIpAddressCombo",
            "label": {
              "publicIpAddress": "First public IP address resource name",
              "domainNameLabel": ""
            },
            "toolTip": {
              "publicIpAddress": "Name of the public IP address object"
            },
            "defaultValue": {
              "publicIpAddressName": "FortiManager-PublicIP"
            },
            "constraints": {
              "required": {
                "domainNameLabel": false
              }
            },
            "options": {
              "hideNone": false,
              "hideDomainNameLabel": true
            }
          },
          {
            "name": "publicIPAddressTypeElement",
            "type": "Microsoft.Common.OptionsGroup",
            "label": "Public IP address type",
            "toolTip": "",
            "defaultValue": "Static",
            "constraints": {
              "allowedValues": [
                {
                  "label": "Static",
                  "value": "Static"
                },
                {
                  "label": "Dynamic",
                  "value": "Dynamic"
                }
              ]
            }
          }
        ]
      }
    ],
    "outputs": {
      "FortiManagerName": "[basics('VMName')]",
      "adminUsername": "[basics('adminUsername')]",
      "adminPassword": "[basics('passwordElement')]",
      "FortiManagerImageVersion": "[basics('skuSelectorElement').Version]",
      "instanceType": "[steps('NetworkInstanceConfig').vmSize]",
      "publicIPAddressName": "[steps('IPConfig').publicIpAddress.name]",
      "publicIPAddressType": "[steps('IPConfig').publicIPAddressTypeElement]",
      "publicIPNewOrExistingOrNone": "[steps('IPConfig').publicIpAddress.newOrExistingOrNone]",
      "publicIPResourceGroup": "[steps('IPConfig').publicIpAddress.resourceGroup]",
      "location": "[location()]",
      "vnetNewOrExisting": "[steps('NetworkInstanceConfig').virtualNetwork.newOrExisting]",
      "vnetName": "[steps('NetworkInstanceConfig').virtualNetwork.name]",
      "vnetResourceGroup": "[steps('NetworkInstanceConfig').virtualNetwork.resourceGroup]",
      "vnetAddressPrefixes": "[steps('NetworkInstanceConfig').virtualNetwork.addressPrefixes]",
      "subnetName": "[steps('NetworkInstanceConfig').virtualNetwork.subnets.subnet1.name]",
      "subnetPrefix": "[steps('NetworkInstanceConfig').virtualNetwork.subnets.subnet1.addressPrefix]",
      "FortiManagerPrivateIP": "[steps('NetworkInstanceConfig').virtualNetwork.subnets.subnet1.startAddress]"
    }
  }
  }
